/Users/hairizuannoorazman/Downloads/IMG/center_2017_01_24_00_18_37_232.jpg, /Users/hairizuannoorazman/Downloads/IMG/left_2017_01_24_00_18_37_232.jpg, /Users/hairizuannoorazman/Downloads/IMG/right_2017_01_24_00_18_37_232.jpg, 0, 0, 0, 5.841172
/Users/hairizuannoorazman/Downloads/IMG/center_2017_01_24_00_18_37_382.jpg, /Users/hairizuannoorazman/Downloads/IMG/left_2017_01_24_00_18_37_382.jpg, /Users/hairizuannoorazman/Downloads/IMG/right_2017_01_24_00_18_37_382.jpg, 0, 0, 0, 5.752367
/Users/hairizuannoorazman/Downloads/IMG/center_2017_01_24_00_18_37_497.jpg, /Users/hairizuannoorazman/Downloads/IMG/left_2017_01_24_00_18_37_497.jpg, /Users/hairizuannoorazman/Downloads/IMG/right_2017_01_24_00_18_37_497.jpg, 0, 0, 0, 5.683141
/Users/hairizuannoorazman/Downloads/IMG/center_2017_01_24_00_18_37_620.jpg, /Users/hairizuannoorazman/Downloads/IMG/left_2017_01_24_00_18_37_620.jpg, /Users/hairizuannoorazman/Downloads/IMG/right_2017_01_24_00_18_37_620.jpg, 0, 0, 0, 5.614774
/Users/hairizuannoorazman/Downloads/IMG/center_2017_01_24_00_18_37_732.jpg, /Users/hairizuannoorazman/Downloads/IMG/left_2017_01_24_00_18_37_732.jpg, /Users/hairizuannoorazman/Downloads/IMG/right_2017_01_24_00_18_37_732.jpg, -0.2447349, 0, 0, 5.536336
/Users/hairizuannoorazman/Downloads/IMG/center_2017_01_24_00_18_37_838.jpg, /Users/hairizuannoorazman/Downloads/IMG/left_2017_01_24_00_18_37_838.jpg, /Users/hairizuannoorazman/Downloads/IMG/right_2017_01_24_00_18_37_838.jpg, -1, 0, 0, 5.148287
/Users/hairizuannoorazman/Downloads/IMG/center_2017_01_24_00_18_38_197.jpg, /Users/hairizuannoorazman/Downloads/IMG/left_2017_01_24_00_18_38_197.jpg, /Users/hairizuannoorazman/Downloads/IMG/right_2017_01_24_00_18_38_197.jpg, 0, 0, 0, 5.064476
/Users/hairizuannoorazman/Downloads/IMG/center_2017_01_24_00_18_38_311.jpg, /Users/hairizuannoorazman/Downloads/IMG/left_2017_01_24_00_18_38_311.jpg, /Users/hairizuannoorazman/Downloads/IMG/right_2017_01_24_00_18_38_311.jpg, 0, 0, 0, 5.003554
/Users/hairizuannoorazman/Downloads/IMG/center_2017_01_24_00_18_38_432.jpg, /Users/hairizuannoorazman/Downloads/IMG/left_2017_01_24_00_18_38_432.jpg, /Users/hairizuannoorazman/Downloads/IMG/right_2017_01_24_00_18_38_432.jpg, 0, 0, 0, 4.943364
/Users/hairizuannoorazman/Downloads/IMG/center_2017_01_24_00_18_38_549.jpg, /Users/hairizuannoorazman/Downloads/IMG/left_2017_01_24_00_18_38_549.jpg, /Users/hairizuannoorazman/Downloads/IMG/right_2017_01_24_00_18_38_549.jpg, 0, 0.10707, 0, 4.931182
/Users/hairizuannoorazman/Downloads/IMG/center_2017_01_24_00_18_38_652.jpg, /Users/hairizuannoorazman/Downloads/IMG/left_2017_01_24_00_18_38_652.jpg, /Users/hairizuannoorazman/Downloads/IMG/right_2017_01_24_00_18_38_652.jpg, -0.9806342, 0.4135619, 0, 5.034256
/Users/hairizuannoorazman/Downloads/IMG/center_2017_01_24_00_18_38_767.jpg, /Users/hairizuannoorazman/Downloads/IMG/left_2017_01_24_00_18_38_767.jpg, /Users/hairizuannoorazman/Downloads/IMG/right_2017_01_24_00_18_38_767.jpg, -0.04139432, 0.5711968, 0, 5.687587
/Users/hairizuannoorazman/Downloads/IMG/center_2017_01_24_00_18_38_886.jpg, /Users/hairizuannoorazman/Downloads/IMG/left_2017_01_24_00_18_38_886.jpg, /Users/hairizuannoorazman/Downloads/IMG/right_2017_01_24_00_18_38_886.jpg, 0, 0.2138398, 0, 5.978802
/Users/hairizuannoorazman/Downloads/IMG/center_2017_01_24_00_18_39_010.jpg, /Users/hairizuannoorazman/Downloads/IMG/left_2017_01_24_00_18_39_010.jpg, /Users/hairizuannoorazman/Downloads/IMG/right_2017_01_24_00_18_39_010.jpg, 0, 0, 0, 5.917938
/Users/hairizuannoorazman/Downloads/IMG/center_2017_01_24_00_18_39_124.jpg, /Users/hairizuannoorazman/Downloads/IMG/left_2017_01_24_00_18_39_124.jpg, /Users/hairizuannoorazman/Downloads/IMG/right_2017_01_24_00_18_39_124.jpg, 0, 0, 0, 5.846744
/Users/hairizuannoorazman/Downloads/IMG/center_2017_01_24_00_18_39_235.jpg, /Users/hairizuannoorazman/Downloads/IMG/left_2017_01_24_00_18_39_235.jpg, /Users/hairizuannoorazman/Downloads/IMG/right_2017_01_24_00_18_39_235.jpg, 0, 0.334158, 0, 6.083856
/Users/hairizuannoorazman/Downloads/IMG/center_2017_01_24_00_18_39_345.jpg, /Users/hairizuannoorazman/Downloads/IMG/left_2017_01_24_00_18_39_345.jpg, /Users/hairizuannoorazman/Downloads/IMG/right_2017_01_24_00_18_39_345.jpg, -1, 0.665262, 0, 6.553209
/Users/hairizuannoorazman/Downloads/IMG/center_2017_01_24_00_18_39_460.jpg, /Users/hairizuannoorazman/Downloads/IMG/left_2017_01_24_00_18_39_460.jpg, /Users/hairizuannoorazman/Downloads/IMG/right_2017_01_24_00_18_39_460.jpg, 0, 0.8613932, 0, 7.484741
/Users/hairizuannoorazman/Downloads/IMG/center_2017_01_24_00_18_39_577.jpg, /Users/hairizuannoorazman/Downloads/IMG/left_2017_01_24_00_18_39_577.jpg, /Users/hairizuannoorazman/Downloads/IMG/right_2017_01_24_00_18_39_577.jpg, 0, 0.5100212, 0, 8.300003
/Users/hairizuannoorazman/Downloads/IMG/center_2017_01_24_00_18_39_689.jpg, /Users/hairizuannoorazman/Downloads/IMG/left_2017_01_24_00_18_39_689.jpg, /Users/hairizuannoorazman/Downloads/IMG/right_2017_01_24_00_18_39_689.jpg, 0, 0.1753052, 0, 8.55582
/Users/hairizuannoorazman/Downloads/IMG/center_2017_01_24_00_18_39_808.jpg, /Users/hairizuannoorazman/Downloads/IMG/left_2017_01_24_00_18_39_808.jpg, /Users/hairizuannoorazman/Downloads/IMG/right_2017_01_24_00_18_39_808.jpg, 0, 0, 0, 8.465527
/Users/hairizuannoorazman/Downloads/IMG/center_2017_01_24_00_18_39_927.jpg, /Users/hairizuannoorazman/Downloads/IMG/left_2017_01_24_00_18_39_927.jpg, /Users/hairizuannoorazman/Downloads/IMG/right_2017_01_24_00_18_39_927.jpg, 0, 0.0770849, 0, 8.395623
/Users/hairizuannoorazman/Downloads/IMG/center_2017_01_24_00_18_40_045.jpg, /Users/hairizuannoorazman/Downloads/IMG/left_2017_01_24_00_18_40_045.jpg, /Users/hairizuannoorazman/Downloads/IMG/right_2017_01_24_00_18_40_045.jpg, 0, 0.4301519, 0, 8.768254
/Users/hairizuannoorazman/Downloads/IMG/center_2017_01_24_00_18_40_160.jpg, /Users/hairizuannoorazman/Downloads/IMG/left_2017_01_24_00_18_40_160.jpg, /Users/hairizuannoorazman/Downloads/IMG/right_2017_01_24_00_18_40_160.jpg, -0.7772936, 0.776985, 0, 9.440988
/Users/hairizuannoorazman/Downloads/IMG/center_2017_01_24_00_18_40_277.jpg, /Users/hairizuannoorazman/Downloads/IMG/left_2017_01_24_00_18_40_277.jpg, /Users/hairizuannoorazman/Downloads/IMG/right_2017_01_24_00_18_40_277.jpg, -0.7869766, 1, 0, 10.32083
/Users/hairizuannoorazman/Downloads/IMG/center_2017_01_24_00_18_40_398.jpg, /Users/hairizuannoorazman/Downloads/IMG/left_2017_01_24_00_18_40_398.jpg, /Users/hairizuannoorazman/Downloads/IMG/right_2017_01_24_00_18_40_398.jpg, 0, 0.6414611, 0, 11.01537
/Users/hairizuannoorazman/Downloads/IMG/center_2017_01_24_00_18_40_523.jpg, /Users/hairizuannoorazman/Downloads/IMG/left_2017_01_24_00_18_40_523.jpg, /Users/hairizuannoorazman/Downloads/IMG/right_2017_01_24_00_18_40_523.jpg, 0, 0.262012, 0, 11.53263
/Users/hairizuannoorazman/Downloads/IMG/center_2017_01_24_00_18_40_626.jpg, /Users/hairizuannoorazman/Downloads/IMG/left_2017_01_24_00_18_40_626.jpg, /Users/hairizuannoorazman/Downloads/IMG/right_2017_01_24_00_18_40_626.jpg, 0, 0, 0, 11.34631
/Users/hairizuannoorazman/Downloads/IMG/center_2017_01_24_00_18_40_748.jpg, /Users/hairizuannoorazman/Downloads/IMG/left_2017_01_24_00_18_40_748.jpg, /Users/hairizuannoorazman/Downloads/IMG/right_2017_01_24_00_18_40_748.jpg, 0, 0, 0, 11.36537
/Users/hairizuannoorazman/Downloads/IMG/center_2017_01_24_00_18_40_849.jpg, /Users/hairizuannoorazman/Downloads/IMG/left_2017_01_24_00_18_40_849.jpg, /Users/hairizuannoorazman/Downloads/IMG/right_2017_01_24_00_18_40_849.jpg, 0, 0.3413971, 0, 11.24112
/Users/hairizuannoorazman/Downloads/IMG/center_2017_01_24_00_18_41_019.jpg, /Users/hairizuannoorazman/Downloads/IMG/left_2017_01_24_00_18_41_019.jpg, /Users/hairizuannoorazman/Downloads/IMG/right_2017_01_24_00_18_41_019.jpg, 0, 0.8125859, 0, 12.76032
/Users/hairizuannoorazman/Downloads/IMG/center_2017_01_24_00_18_41_115.jpg, /Users/hairizuannoorazman/Downloads/IMG/left_2017_01_24_00_18_41_115.jpg, /Users/hairizuannoorazman/Downloads/IMG/right_2017_01_24_00_18_41_115.jpg, 0, 1, 0, 13.81768
/Users/hairizuannoorazman/Downloads/IMG/center_2017_01_24_00_18_41_227.jpg, /Users/hairizuannoorazman/Downloads/IMG/left_2017_01_24_00_18_41_227.jpg, /Users/hairizuannoorazman/Downloads/IMG/right_2017_01_24_00_18_41_227.jpg, -0.08012585, 0.925696, 0, 15.1086
/Users/hairizuannoorazman/Downloads/IMG/center_2017_01_24_00_18_41_328.jpg, /Users/hairizuannoorazman/Downloads/IMG/left_2017_01_24_00_18_41_328.jpg, /Users/hairizuannoorazman/Downloads/IMG/right_2017_01_24_00_18_41_328.jpg, -1, 0.624082, 0, 15.21053
/Users/hairizuannoorazman/Downloads/IMG/center_2017_01_24_00_18_41_437.jpg, /Users/hairizuannoorazman/Downloads/IMG/left_2017_01_24_00_18_41_437.jpg, /Users/hairizuannoorazman/Downloads/IMG/right_2017_01_24_00_18_41_437.jpg, 0, 0.296038, 0, 15.61825
/Users/hairizuannoorazman/Downloads/IMG/center_2017_01_24_00_18_41_543.jpg, /Users/hairizuannoorazman/Downloads/IMG/left_2017_01_24_00_18_41_543.jpg, /Users/hairizuannoorazman/Downloads/IMG/right_2017_01_24_00_18_41_543.jpg, 0, 0, 0, 15.49647
/Users/hairizuannoorazman/Downloads/IMG/center_2017_01_24_00_18_41_669.jpg, /Users/hairizuannoorazman/Downloads/IMG/left_2017_01_24_00_18_41_669.jpg, /Users/hairizuannoorazman/Downloads/IMG/right_2017_01_24_00_18_41_669.jpg, 0, 0, 0, 15.02992
/Users/hairizuannoorazman/Downloads/IMG/center_2017_01_24_00_18_41_782.jpg, /Users/hairizuannoorazman/Downloads/IMG/left_2017_01_24_00_18_41_782.jpg, /Users/hairizuannoorazman/Downloads/IMG/right_2017_01_24_00_18_41_782.jpg, 0, 0.08595604, 0, 14.87278
/Users/hairizuannoorazman/Downloads/IMG/center_2017_01_24_00_18_41_901.jpg, /Users/hairizuannoorazman/Downloads/IMG/left_2017_01_24_00_18_41_901.jpg, /Users/hairizuannoorazman/Downloads/IMG/right_2017_01_24_00_18_41_901.jpg, 0, 0.4443691, 0, 15.08327
/Users/hairizuannoorazman/Downloads/IMG/center_2017_01_24_00_18_42_030.jpg, /Users/hairizuannoorazman/Downloads/IMG/left_2017_01_24_00_18_42_030.jpg, /Users/hairizuannoorazman/Downloads/IMG/right_2017_01_24_00_18_42_030.jpg, 0, 0.08973312, 0, 15.1871
/Users/hairizuannoorazman/Downloads/IMG/center_2017_01_24_00_18_42_131.jpg, /Users/hairizuannoorazman/Downloads/IMG/left_2017_01_24_00_18_42_131.jpg, /Users/hairizuannoorazman/Downloads/IMG/right_2017_01_24_00_18_42_131.jpg, -0.5836359, 0, 0, 15.18992
/Users/hairizuannoorazman/Downloads/IMG/center_2017_01_24_00_18_42_225.jpg, /Users/hairizuannoorazman/Downloads/IMG/left_2017_01_24_00_18_42_225.jpg, /Users/hairizuannoorazman/Downloads/IMG/right_2017_01_24_00_18_42_225.jpg, -0.9225369, 0, 0, 14.58743
/Users/hairizuannoorazman/Downloads/IMG/center_2017_01_24_00_18_42_366.jpg, /Users/hairizuannoorazman/Downloads/IMG/left_2017_01_24_00_18_42_366.jpg, /Users/hairizuannoorazman/Downloads/IMG/right_2017_01_24_00_18_42_366.jpg, 0, 0, 0, 14.34684
/Users/hairizuannoorazman/Downloads/IMG/center_2017_01_24_00_18_42_467.jpg, /Users/hairizuannoorazman/Downloads/IMG/left_2017_01_24_00_18_42_467.jpg, /Users/hairizuannoorazman/Downloads/IMG/right_2017_01_24_00_18_42_467.jpg, 0, 0, 0, 13.8831
/Users/hairizuannoorazman/Downloads/IMG/center_2017_01_24_00_18_42_580.jpg, /Users/hairizuannoorazman/Downloads/IMG/left_2017_01_24_00_18_42_580.jpg, /Users/hairizuannoorazman/Downloads/IMG/right_2017_01_24_00_18_42_580.jpg, 0, 0, 0, 13.74278
/Users/hairizuannoorazman/Downloads/IMG/center_2017_01_24_00_18_42_698.jpg, /Users/hairizuannoorazman/Downloads/IMG/left_2017_01_24_00_18_42_698.jpg, /Users/hairizuannoorazman/Downloads/IMG/right_2017_01_24_00_18_42_698.jpg, 0, 0, 0, 13.64309
/Users/hairizuannoorazman/Downloads/IMG/center_2017_01_24_00_18_42_808.jpg, /Users/hairizuannoorazman/Downloads/IMG/left_2017_01_24_00_18_42_808.jpg, /Users/hairizuannoorazman/Downloads/IMG/right_2017_01_24_00_18_42_808.jpg, 0, 0, 0, 13.73367
/Users/hairizuannoorazman/Downloads/IMG/center_2017_01_24_00_18_42_911.jpg, /Users/hairizuannoorazman/Downloads/IMG/left_2017_01_24_00_18_42_911.jpg, /Users/hairizuannoorazman/Downloads/IMG/right_2017_01_24_00_18_42_911.jpg, 0, 0, 0, 13.34509
/Users/hairizuannoorazman/Downloads/IMG/center_2017_01_24_00_18_43_020.jpg, /Users/hairizuannoorazman/Downloads/IMG/left_2017_01_24_00_18_43_020.jpg, /Users/hairizuannoorazman/Downloads/IMG/right_2017_01_24_00_18_43_020.jpg, 0, 0, 0, 13.17621
/Users/hairizuannoorazman/Downloads/IMG/center_2017_01_24_00_18_43_125.jpg, /Users/hairizuannoorazman/Downloads/IMG/left_2017_01_24_00_18_43_125.jpg, /Users/hairizuannoorazman/Downloads/IMG/right_2017_01_24_00_18_43_125.jpg, 0, 0, 0, 13.23438
/Users/hairizuannoorazman/Downloads/IMG/center_2017_01_24_00_18_43_237.jpg, /Users/hairizuannoorazman/Downloads/IMG/left_2017_01_24_00_18_43_237.jpg, /Users/hairizuannoorazman/Downloads/IMG/right_2017_01_24_00_18_43_237.jpg, 0, 0, 0, 13.09457
/Users/hairizuannoorazman/Downloads/IMG/center_2017_01_24_00_18_43_342.jpg, /Users/hairizuannoorazman/Downloads/IMG/left_2017_01_24_00_18_43_342.jpg, /Users/hairizuannoorazman/Downloads/IMG/right_2017_01_24_00_18_43_342.jpg, 0, 0, 0, 12.7309
/Users/hairizuannoorazman/Downloads/IMG/center_2017_01_24_00_18_43_454.jpg, /Users/hairizuannoorazman/Downloads/IMG/left_2017_01_24_00_18_43_454.jpg, /Users/hairizuannoorazman/Downloads/IMG/right_2017_01_24_00_18_43_454.jpg, 0, 0, 0, 12.82041
/Users/hairizuannoorazman/Downloads/IMG/center_2017_01_24_00_18_43_561.jpg, /Users/hairizuannoorazman/Downloads/IMG/left_2017_01_24_00_18_43_561.jpg, /Users/hairizuannoorazman/Downloads/IMG/right_2017_01_24_00_18_43_561.jpg, 0, 0, 0, 12.6581
/Users/hairizuannoorazman/Downloads/IMG/center_2017_01_24_00_18_43_676.jpg, /Users/hairizuannoorazman/Downloads/IMG/left_2017_01_24_00_18_43_676.jpg, /Users/hairizuannoorazman/Downloads/IMG/right_2017_01_24_00_18_43_676.jpg, 0, 0, 0, 12.50336
/Users/hairizuannoorazman/Downloads/IMG/center_2017_01_24_00_18_43_787.jpg, /Users/hairizuannoorazman/Downloads/IMG/left_2017_01_24_00_18_43_787.jpg, /Users/hairizuannoorazman/Downloads/IMG/right_2017_01_24_00_18_43_787.jpg, 0, 0, 0, 12.07388
/Users/hairizuannoorazman/Downloads/IMG/center_2017_01_24_00_18_43_898.jpg, /Users/hairizuannoorazman/Downloads/IMG/left_2017_01_24_00_18_43_898.jpg, /Users/hairizuannoorazman/Downloads/IMG/right_2017_01_24_00_18_43_898.jpg, -0.7772936, 0, 0, 11.84186
/Users/hairizuannoorazman/Downloads/IMG/center_2017_01_24_00_18_44_003.jpg, /Users/hairizuannoorazman/Downloads/IMG/left_2017_01_24_00_18_44_003.jpg, /Users/hairizuannoorazman/Downloads/IMG/right_2017_01_24_00_18_44_003.jpg, 0, 0, 0, 11.86568
/Users/hairizuannoorazman/Downloads/IMG/center_2017_01_24_00_18_44_119.jpg, /Users/hairizuannoorazman/Downloads/IMG/left_2017_01_24_00_18_44_119.jpg, /Users/hairizuannoorazman/Downloads/IMG/right_2017_01_24_00_18_44_119.jpg, 0, 0, 0, 11.71852
/Users/hairizuannoorazman/Downloads/IMG/center_2017_01_24_00_18_44_224.jpg, /Users/hairizuannoorazman/Downloads/IMG/left_2017_01_24_00_18_44_224.jpg, /Users/hairizuannoorazman/Downloads/IMG/right_2017_01_24_00_18_44_224.jpg, 0, 0, 0, 11.38263
/Users/hairizuannoorazman/Downloads/IMG/center_2017_01_24_00_18_44_344.jpg, /Users/hairizuannoorazman/Downloads/IMG/left_2017_01_24_00_18_44_344.jpg, /Users/hairizuannoorazman/Downloads/IMG/right_2017_01_24_00_18_44_344.jpg, 0, 0, 0, 11.29982
/Users/hairizuannoorazman/Downloads/IMG/center_2017_01_24_00_18_44_446.jpg, /Users/hairizuannoorazman/Downloads/IMG/left_2017_01_24_00_18_44_446.jpg, /Users/hairizuannoorazman/Downloads/IMG/right_2017_01_24_00_18_44_446.jpg, 0, 0, 0, 11.30742
/Users/hairizuannoorazman/Downloads/IMG/center_2017_01_24_00_18_44_546.jpg, /Users/hairizuannoorazman/Downloads/IMG/left_2017_01_24_00_18_44_546.jpg, /Users/hairizuannoorazman/Downloads/IMG/right_2017_01_24_00_18_44_546.jpg, 0, 0, 0, 11.14524
/Users/hairizuannoorazman/Downloads/IMG/center_2017_01_24_00_18_44_655.jpg, /Users/hairizuannoorazman/Downloads/IMG/left_2017_01_24_00_18_44_655.jpg, /Users/hairizuannoorazman/Downloads/IMG/right_2017_01_24_00_18_44_655.jpg, 0, 0, 0, 11.0643
/Users/hairizuannoorazman/Downloads/IMG/center_2017_01_24_00_18_44_768.jpg, /Users/hairizuannoorazman/Downloads/IMG/left_2017_01_24_00_18_44_768.jpg, /Users/hairizuannoorazman/Downloads/IMG/right_2017_01_24_00_18_44_768.jpg, 0, 0, 0, 10.93117
/Users/hairizuannoorazman/Downloads/IMG/center_2017_01_24_00_18_44_886.jpg, /Users/hairizuannoorazman/Downloads/IMG/left_2017_01_24_00_18_44_886.jpg, /Users/hairizuannoorazman/Downloads/IMG/right_2017_01_24_00_18_44_886.jpg, 0, 0, 0, 10.79964
/Users/hairizuannoorazman/Downloads/IMG/center_2017_01_24_00_18_45_013.jpg, /Users/hairizuannoorazman/Downloads/IMG/left_2017_01_24_00_18_45_013.jpg, /Users/hairizuannoorazman/Downloads/IMG/right_2017_01_24_00_18_45_013.jpg, 0, 0, 0, 10.66969
/Users/hairizuannoorazman/Downloads/IMG/center_2017_01_24_00_18_45_136.jpg, /Users/hairizuannoorazman/Downloads/IMG/left_2017_01_24_00_18_45_136.jpg, /Users/hairizuannoorazman/Downloads/IMG/right_2017_01_24_00_18_45_136.jpg, -0.4577585, 0, 0, 10.47402
/Users/hairizuannoorazman/Downloads/IMG/center_2017_01_24_00_18_45_245.jpg, /Users/hairizuannoorazman/Downloads/IMG/left_2017_01_24_00_18_45_245.jpg, /Users/hairizuannoorazman/Downloads/IMG/right_2017_01_24_00_18_45_245.jpg, 0, 0, 0, 10.28101
/Users/hairizuannoorazman/Downloads/IMG/center_2017_01_24_00_18_45_357.jpg, /Users/hairizuannoorazman/Downloads/IMG/left_2017_01_24_00_18_45_357.jpg, /Users/hairizuannoorazman/Downloads/IMG/right_2017_01_24_00_18_45_357.jpg, 0, 0, 0, 10.16605
/Users/hairizuannoorazman/Downloads/IMG/center_2017_01_24_00_18_45_471.jpg, /Users/hairizuannoorazman/Downloads/IMG/left_2017_01_24_00_18_45_471.jpg, /Users/hairizuannoorazman/Downloads/IMG/right_2017_01_24_00_18_45_471.jpg, 0, 0, 0, 10.04299
/Users/hairizuannoorazman/Downloads/IMG/center_2017_01_24_00_18_45_593.jpg, /Users/hairizuannoorazman/Downloads/IMG/left_2017_01_24_00_18_45_593.jpg, /Users/hairizuannoorazman/Downloads/IMG/right_2017_01_24_00_18_45_593.jpg, 0, 0, 0, 9.922119
/Users/hairizuannoorazman/Downloads/IMG/center_2017_01_24_00_18_45_703.jpg, /Users/hairizuannoorazman/Downloads/IMG/left_2017_01_24_00_18_45_703.jpg, /Users/hairizuannoorazman/Downloads/IMG/right_2017_01_24_00_18_45_703.jpg, 0, 0, 0, 9.802732
/Users/hairizuannoorazman/Downloads/IMG/center_2017_01_24_00_18_45_818.jpg, /Users/hairizuannoorazman/Downloads/IMG/left_2017_01_24_00_18_45_818.jpg, /Users/hairizuannoorazman/Downloads/IMG/right_2017_01_24_00_18_45_818.jpg, 0, 0, 0, 9.704343
/Users/hairizuannoorazman/Downloads/IMG/center_2017_01_24_00_18_45_931.jpg, /Users/hairizuannoorazman/Downloads/IMG/left_2017_01_24_00_18_45_931.jpg, /Users/hairizuannoorazman/Downloads/IMG/right_2017_01_24_00_18_45_931.jpg, 0, 0, 0, 9.587578
/Users/hairizuannoorazman/Downloads/IMG/center_2017_01_24_00_18_46_040.jpg, /Users/hairizuannoorazman/Downloads/IMG/left_2017_01_24_00_18_46_040.jpg, /Users/hairizuannoorazman/Downloads/IMG/right_2017_01_24_00_18_46_040.jpg, 0, 0, 0, 9.49135
/Users/hairizuannoorazman/Downloads/IMG/center_2017_01_24_00_18_46_150.jpg, /Users/hairizuannoorazman/Downloads/IMG/left_2017_01_24_00_18_46_150.jpg, /Users/hairizuannoorazman/Downloads/IMG/right_2017_01_24_00_18_46_150.jpg, 0, 0, 0, 9.377086
/Users/hairizuannoorazman/Downloads/IMG/center_2017_01_24_00_18_46_261.jpg, /Users/hairizuannoorazman/Downloads/IMG/left_2017_01_24_00_18_46_261.jpg, /Users/hairizuannoorazman/Downloads/IMG/right_2017_01_24_00_18_46_261.jpg, 0, 0, 0, 9.282969
/Users/hairizuannoorazman/Downloads/IMG/center_2017_01_24_00_18_46_375.jpg, /Users/hairizuannoorazman/Downloads/IMG/left_2017_01_24_00_18_46_375.jpg, /Users/hairizuannoorazman/Downloads/IMG/right_2017_01_24_00_18_46_375.jpg, 0, 0, 0, 9.171273
/Users/hairizuannoorazman/Downloads/IMG/center_2017_01_24_00_18_46_485.jpg, /Users/hairizuannoorazman/Downloads/IMG/left_2017_01_24_00_18_46_485.jpg, /Users/hairizuannoorazman/Downloads/IMG/right_2017_01_24_00_18_46_485.jpg, 0, 0, 0, 9.06092
/Users/hairizuannoorazman/Downloads/IMG/center_2017_01_24_00_18_46_608.jpg, /Users/hairizuannoorazman/Downloads/IMG/left_2017_01_24_00_18_46_608.jpg, /Users/hairizuannoorazman/Downloads/IMG/right_2017_01_24_00_18_46_608.jpg, 0, 0.1967191, 0, 9.242092
/Users/hairizuannoorazman/Downloads/IMG/center_2017_01_24_00_18_46_715.jpg, /Users/hairizuannoorazman/Downloads/IMG/left_2017_01_24_00_18_46_715.jpg, /Users/hairizuannoorazman/Downloads/IMG/right_2017_01_24_00_18_46_715.jpg, -0.09949163, 0, 0, 9.158966
/Users/hairizuannoorazman/Downloads/IMG/center_2017_01_24_00_18_46_831.jpg, /Users/hairizuannoorazman/Downloads/IMG/left_2017_01_24_00_18_46_831.jpg, /Users/hairizuannoorazman/Downloads/IMG/right_2017_01_24_00_18_46_831.jpg, 0, 0, 0, 8.715761
/Users/hairizuannoorazman/Downloads/IMG/center_2017_01_24_00_18_46_948.jpg, /Users/hairizuannoorazman/Downloads/IMG/left_2017_01_24_00_18_46_948.jpg, /Users/hairizuannoorazman/Downloads/IMG/right_2017_01_24_00_18_46_948.jpg, 0, 0, 0, 8.561563
/Users/hairizuannoorazman/Downloads/IMG/center_2017_01_24_00_18_47_066.jpg, /Users/hairizuannoorazman/Downloads/IMG/left_2017_01_24_00_18_47_066.jpg, /Users/hairizuannoorazman/Downloads/IMG/right_2017_01_24_00_18_47_066.jpg, 0, 0, 0, 8.457548
/Users/hairizuannoorazman/Downloads/IMG/center_2017_01_24_00_18_47_192.jpg, /Users/hairizuannoorazman/Downloads/IMG/left_2017_01_24_00_18_47_192.jpg, /Users/hairizuannoorazman/Downloads/IMG/right_2017_01_24_00_18_47_192.jpg, 0, 0, 0, 8.355762
/Users/hairizuannoorazman/Downloads/IMG/center_2017_01_24_00_18_47_310.jpg, /Users/hairizuannoorazman/Downloads/IMG/left_2017_01_24_00_18_47_310.jpg, /Users/hairizuannoorazman/Downloads/IMG/right_2017_01_24_00_18_47_310.jpg, 0, 0, 0, 8.255228
/Users/hairizuannoorazman/Downloads/IMG/center_2017_01_24_00_18_47_420.jpg, /Users/hairizuannoorazman/Downloads/IMG/left_2017_01_24_00_18_47_420.jpg, /Users/hairizuannoorazman/Downloads/IMG/right_2017_01_24_00_18_47_420.jpg, 0, 0, 0, 8.172376
/Users/hairizuannoorazman/Downloads/IMG/center_2017_01_24_00_18_47_541.jpg, /Users/hairizuannoorazman/Downloads/IMG/left_2017_01_24_00_18_47_541.jpg, /Users/hairizuannoorazman/Downloads/IMG/right_2017_01_24_00_18_47_541.jpg, 0, 0, 0, 8.074053
/Users/hairizuannoorazman/Downloads/IMG/center_2017_01_24_00_18_47_682.jpg, /Users/hairizuannoorazman/Downloads/IMG/left_2017_01_24_00_18_47_682.jpg, /Users/hairizuannoorazman/Downloads/IMG/right_2017_01_24_00_18_47_682.jpg, 0, 0, 0, 7.960833
/Users/hairizuannoorazman/Downloads/IMG/center_2017_01_24_00_18_47_794.jpg, /Users/hairizuannoorazman/Downloads/IMG/left_2017_01_24_00_18_47_794.jpg, /Users/hairizuannoorazman/Downloads/IMG/right_2017_01_24_00_18_47_794.jpg, -0.3028322, 0.02799904, 0, 8.03634
/Users/hairizuannoorazman/Downloads/IMG/center_2017_01_24_00_18_47_912.jpg, /Users/hairizuannoorazman/Downloads/IMG/left_2017_01_24_00_18_47_912.jpg, /Users/hairizuannoorazman/Downloads/IMG/right_2017_01_24_00_18_47_912.jpg, 0, 0, 0, 7.939393
/Users/hairizuannoorazman/Downloads/IMG/center_2017_01_24_00_18_48_033.jpg, /Users/hairizuannoorazman/Downloads/IMG/left_2017_01_24_00_18_48_033.jpg, /Users/hairizuannoorazman/Downloads/IMG/right_2017_01_24_00_18_48_033.jpg, 0, 0, 0, 7.843834
/Users/hairizuannoorazman/Downloads/IMG/center_2017_01_24_00_18_48_152.jpg, /Users/hairizuannoorazman/Downloads/IMG/left_2017_01_24_00_18_48_152.jpg, /Users/hairizuannoorazman/Downloads/IMG/right_2017_01_24_00_18_48_152.jpg, 0, 0, 0, 7.749464
/Users/hairizuannoorazman/Downloads/IMG/center_2017_01_24_00_18_48_268.jpg, /Users/hairizuannoorazman/Downloads/IMG/left_2017_01_24_00_18_48_268.jpg, /Users/hairizuannoorazman/Downloads/IMG/right_2017_01_24_00_18_48_268.jpg, 0, 0, 0, 7.656229
/Users/hairizuannoorazman/Downloads/IMG/center_2017_01_24_00_18_48_388.jpg, /Users/hairizuannoorazman/Downloads/IMG/left_2017_01_24_00_18_48_388.jpg, /Users/hairizuannoorazman/Downloads/IMG/right_2017_01_24_00_18_48_388.jpg, -1, 0, 0, 7.067087
/Users/hairizuannoorazman/Downloads/IMG/center_2017_01_24_00_18_48_501.jpg, /Users/hairizuannoorazman/Downloads/IMG/left_2017_01_24_00_18_48_501.jpg, /Users/hairizuannoorazman/Downloads/IMG/right_2017_01_24_00_18_48_501.jpg, 0, 0, 0, 6.862511
/Users/hairizuannoorazman/Downloads/IMG/center_2017_01_24_00_18_48_624.jpg, /Users/hairizuannoorazman/Downloads/IMG/left_2017_01_24_00_18_48_624.jpg, /Users/hairizuannoorazman/Downloads/IMG/right_2017_01_24_00_18_48_624.jpg, 0, 0, 0, 6.710577
/Users/hairizuannoorazman/Downloads/IMG/center_2017_01_24_00_18_48_746.jpg, /Users/hairizuannoorazman/Downloads/IMG/left_2017_01_24_00_18_48_746.jpg, /Users/hairizuannoorazman/Downloads/IMG/right_2017_01_24_00_18_48_746.jpg, 0, 0, 0, 6.629552
/Users/hairizuannoorazman/Downloads/IMG/center_2017_01_24_00_18_48_869.jpg, /Users/hairizuannoorazman/Downloads/IMG/left_2017_01_24_00_18_48_869.jpg, /Users/hairizuannoorazman/Downloads/IMG/right_2017_01_24_00_18_48_869.jpg, 0, 0, 0, 6.54979
/Users/hairizuannoorazman/Downloads/IMG/center_2017_01_24_00_18_48_990.jpg, /Users/hairizuannoorazman/Downloads/IMG/left_2017_01_24_00_18_48_990.jpg, /Users/hairizuannoorazman/Downloads/IMG/right_2017_01_24_00_18_48_990.jpg, 0, 0, 0, 6.470993
/Users/hairizuannoorazman/Downloads/IMG/center_2017_01_24_00_18_49_114.jpg, /Users/hairizuannoorazman/Downloads/IMG/left_2017_01_24_00_18_49_114.jpg, /Users/hairizuannoorazman/Downloads/IMG/right_2017_01_24_00_18_49_114.jpg, 0, 0.3667771, 0, 6.905783
/Users/hairizuannoorazman/Downloads/IMG/center_2017_01_24_00_18_49_233.jpg, /Users/hairizuannoorazman/Downloads/IMG/left_2017_01_24_00_18_49_233.jpg, /Users/hairizuannoorazman/Downloads/IMG/right_2017_01_24_00_18_49_233.jpg, 0, 0.7285439, 0, 7.70045
/Users/hairizuannoorazman/Downloads/IMG/center_2017_01_24_00_18_49_356.jpg, /Users/hairizuannoorazman/Downloads/IMG/left_2017_01_24_00_18_49_356.jpg, /Users/hairizuannoorazman/Downloads/IMG/right_2017_01_24_00_18_49_356.jpg, -0.2060034, 0.3631949, 0, 8.13709
/Users/hairizuannoorazman/Downloads/IMG/center_2017_01_24_00_18_49_474.jpg, /Users/hairizuannoorazman/Downloads/IMG/left_2017_01_24_00_18_49_474.jpg, /Users/hairizuannoorazman/Downloads/IMG/right_2017_01_24_00_18_49_474.jpg, 0, 0.006485939, 0, 7.943236
/Users/hairizuannoorazman/Downloads/IMG/center_2017_01_24_00_18_49_588.jpg, /Users/hairizuannoorazman/Downloads/IMG/left_2017_01_24_00_18_49_588.jpg, /Users/hairizuannoorazman/Downloads/IMG/right_2017_01_24_00_18_49_588.jpg, 0, 0, 0, 7.804726
/Users/hairizuannoorazman/Downloads/IMG/center_2017_01_24_00_18_49_712.jpg, /Users/hairizuannoorazman/Downloads/IMG/left_2017_01_24_00_18_49_712.jpg, /Users/hairizuannoorazman/Downloads/IMG/right_2017_01_24_00_18_49_712.jpg, 0, 0, 0, 7.710128
/Users/hairizuannoorazman/Downloads/IMG/center_2017_01_24_00_18_49_836.jpg, /Users/hairizuannoorazman/Downloads/IMG/left_2017_01_24_00_18_49_836.jpg, /Users/hairizuannoorazman/Downloads/IMG/right_2017_01_24_00_18_49_836.jpg, 0, 0, 0, 7.617225
/Users/hairizuannoorazman/Downloads/IMG/center_2017_01_24_00_18_49_960.jpg, /Users/hairizuannoorazman/Downloads/IMG/left_2017_01_24_00_18_49_960.jpg, /Users/hairizuannoorazman/Downloads/IMG/right_2017_01_24_00_18_49_960.jpg, 0, 0, 0, 7.525584
/Users/hairizuannoorazman/Downloads/IMG/center_2017_01_24_00_18_50_084.jpg, /Users/hairizuannoorazman/Downloads/IMG/left_2017_01_24_00_18_50_084.jpg, /Users/hairizuannoorazman/Downloads/IMG/right_2017_01_24_00_18_50_084.jpg, 0, 0, 0, 7.420059
/Users/hairizuannoorazman/Downloads/IMG/center_2017_01_24_00_18_50_207.jpg, /Users/hairizuannoorazman/Downloads/IMG/left_2017_01_24_00_18_50_207.jpg, /Users/hairizuannoorazman/Downloads/IMG/right_2017_01_24_00_18_50_207.jpg, 0, 0.08783716, 0, 7.367836
/Users/hairizuannoorazman/Downloads/IMG/center_2017_01_24_00_18_50_334.jpg, /Users/hairizuannoorazman/Downloads/IMG/left_2017_01_24_00_18_50_334.jpg, /Users/hairizuannoorazman/Downloads/IMG/right_2017_01_24_00_18_50_334.jpg, 0, 0.2593952, 0, 7.747865
/Users/hairizuannoorazman/Downloads/IMG/center_2017_01_24_00_18_50_449.jpg, /Users/hairizuannoorazman/Downloads/IMG/left_2017_01_24_00_18_50_449.jpg, /Users/hairizuannoorazman/Downloads/IMG/right_2017_01_24_00_18_50_449.jpg, -0.6998307, 0, 0, 7.499215
/Users/hairizuannoorazman/Downloads/IMG/center_2017_01_24_00_18_50_574.jpg, /Users/hairizuannoorazman/Downloads/IMG/left_2017_01_24_00_18_50_574.jpg, /Users/hairizuannoorazman/Downloads/IMG/right_2017_01_24_00_18_50_574.jpg, 0, 0, 0, 7.353352
/Users/hairizuannoorazman/Downloads/IMG/center_2017_01_24_00_18_50_692.jpg, /Users/hairizuannoorazman/Downloads/IMG/left_2017_01_24_00_18_50_692.jpg, /Users/hairizuannoorazman/Downloads/IMG/right_2017_01_24_00_18_50_692.jpg, 0, 0, 0, 7.263943
/Users/hairizuannoorazman/Downloads/IMG/center_2017_01_24_00_18_50_799.jpg, /Users/hairizuannoorazman/Downloads/IMG/left_2017_01_24_00_18_50_799.jpg, /Users/hairizuannoorazman/Downloads/IMG/right_2017_01_24_00_18_50_799.jpg, 0, 0, 0, 7.191026
/Users/hairizuannoorazman/Downloads/IMG/center_2017_01_24_00_18_50_923.jpg, /Users/hairizuannoorazman/Downloads/IMG/left_2017_01_24_00_18_50_923.jpg, /Users/hairizuannoorazman/Downloads/IMG/right_2017_01_24_00_18_50_923.jpg, 0, 0, 0, 7.10451
/Users/hairizuannoorazman/Downloads/IMG/center_2017_01_24_00_18_51_050.jpg, /Users/hairizuannoorazman/Downloads/IMG/left_2017_01_24_00_18_51_050.jpg, /Users/hairizuannoorazman/Downloads/IMG/right_2017_01_24_00_18_51_050.jpg, 0, 0, 0, 7.004892
/Users/hairizuannoorazman/Downloads/IMG/center_2017_01_24_00_18_51_170.jpg, /Users/hairizuannoorazman/Downloads/IMG/left_2017_01_24_00_18_51_170.jpg, /Users/hairizuannoorazman/Downloads/IMG/right_2017_01_24_00_18_51_170.jpg, 0, 0, 0, 6.920617
/Users/hairizuannoorazman/Downloads/IMG/center_2017_01_24_00_18_51_295.jpg, /Users/hairizuannoorazman/Downloads/IMG/left_2017_01_24_00_18_51_295.jpg, /Users/hairizuannoorazman/Downloads/IMG/right_2017_01_24_00_18_51_295.jpg, 0, 0.09056103, 0, 6.853837
/Users/hairizuannoorazman/Downloads/IMG/center_2017_01_24_00_18_51_417.jpg, /Users/hairizuannoorazman/Downloads/IMG/left_2017_01_24_00_18_51_417.jpg, /Users/hairizuannoorazman/Downloads/IMG/right_2017_01_24_00_18_51_417.jpg, 0, 0.45438, 0, 7.410446
/Users/hairizuannoorazman/Downloads/IMG/center_2017_01_24_00_18_51_544.jpg, /Users/hairizuannoorazman/Downloads/IMG/left_2017_01_24_00_18_51_544.jpg, /Users/hairizuannoorazman/Downloads/IMG/right_2017_01_24_00_18_51_544.jpg, -0.1188574, 0.07311291, 0, 7.395993
/Users/hairizuannoorazman/Downloads/IMG/center_2017_01_24_00_18_51_664.jpg, /Users/hairizuannoorazman/Downloads/IMG/left_2017_01_24_00_18_51_664.jpg, /Users/hairizuannoorazman/Downloads/IMG/right_2017_01_24_00_18_51_664.jpg, 0, 0, 0, 7.290341
/Users/hairizuannoorazman/Downloads/IMG/center_2017_01_24_00_18_51_807.jpg, /Users/hairizuannoorazman/Downloads/IMG/left_2017_01_24_00_18_51_807.jpg, /Users/hairizuannoorazman/Downloads/IMG/right_2017_01_24_00_18_51_807.jpg, 0, 0, 0, 7.187797
/Users/hairizuannoorazman/Downloads/IMG/center_2017_01_24_00_18_51_933.jpg, /Users/hairizuannoorazman/Downloads/IMG/left_2017_01_24_00_18_51_933.jpg, /Users/hairizuannoorazman/Downloads/IMG/right_2017_01_24_00_18_51_933.jpg, 0, 0, 0, 7.101318
/Users/hairizuannoorazman/Downloads/IMG/center_2017_01_24_00_18_52_047.jpg, /Users/hairizuannoorazman/Downloads/IMG/left_2017_01_24_00_18_52_047.jpg, /Users/hairizuannoorazman/Downloads/IMG/right_2017_01_24_00_18_52_047.jpg, 0, 0, 0, 7.015883
/Users/hairizuannoorazman/Downloads/IMG/center_2017_01_24_00_18_52_177.jpg, /Users/hairizuannoorazman/Downloads/IMG/left_2017_01_24_00_18_52_177.jpg, /Users/hairizuannoorazman/Downloads/IMG/right_2017_01_24_00_18_52_177.jpg, 0, 0, 0, 6.931477
/Users/hairizuannoorazman/Downloads/IMG/center_2017_01_24_00_18_52_296.jpg, /Users/hairizuannoorazman/Downloads/IMG/left_2017_01_24_00_18_52_296.jpg, /Users/hairizuannoorazman/Downloads/IMG/right_2017_01_24_00_18_52_296.jpg, 0, 0, 0, 6.848087
/Users/hairizuannoorazman/Downloads/IMG/center_2017_01_24_00_18_52_402.jpg, /Users/hairizuannoorazman/Downloads/IMG/left_2017_01_24_00_18_52_402.jpg, /Users/hairizuannoorazman/Downloads/IMG/right_2017_01_24_00_18_52_402.jpg, 0, 0, 0, 6.779362
/Users/hairizuannoorazman/Downloads/IMG/center_2017_01_24_00_18_52_504.jpg, /Users/hairizuannoorazman/Downloads/IMG/left_2017_01_24_00_18_52_504.jpg, /Users/hairizuannoorazman/Downloads/IMG/right_2017_01_24_00_18_52_504.jpg, -0.9515856, 0, 0, 6.282104
/Users/hairizuannoorazman/Downloads/IMG/center_2017_01_24_00_18_52_608.jpg, /Users/hairizuannoorazman/Downloads/IMG/left_2017_01_24_00_18_52_608.jpg, /Users/hairizuannoorazman/Downloads/IMG/right_2017_01_24_00_18_52_608.jpg, 0, 0, 0, 6.125079
/Users/hairizuannoorazman/Downloads/IMG/center_2017_01_24_00_18_52_736.jpg, /Users/hairizuannoorazman/Downloads/IMG/left_2017_01_24_00_18_52_736.jpg, /Users/hairizuannoorazman/Downloads/IMG/right_2017_01_24_00_18_52_736.jpg, 0, 0, 0, 6.048495
/Users/hairizuannoorazman/Downloads/IMG/center_2017_01_24_00_18_52_870.jpg, /Users/hairizuannoorazman/Downloads/IMG/left_2017_01_24_00_18_52_870.jpg, /Users/hairizuannoorazman/Downloads/IMG/right_2017_01_24_00_18_52_870.jpg, 0, 0, 0, 5.963655
/Users/hairizuannoorazman/Downloads/IMG/center_2017_01_24_00_18_52_995.jpg, /Users/hairizuannoorazman/Downloads/IMG/left_2017_01_24_00_18_52_995.jpg, /Users/hairizuannoorazman/Downloads/IMG/right_2017_01_24_00_18_52_995.jpg, 0, 0, 0, 5.89191
/Users/hairizuannoorazman/Downloads/IMG/center_2017_01_24_00_18_53_122.jpg, /Users/hairizuannoorazman/Downloads/IMG/left_2017_01_24_00_18_53_122.jpg, /Users/hairizuannoorazman/Downloads/IMG/right_2017_01_24_00_18_53_122.jpg, 0, 0, 0, 5.821027
/Users/hairizuannoorazman/Downloads/IMG/center_2017_01_24_00_18_53_255.jpg, /Users/hairizuannoorazman/Downloads/IMG/left_2017_01_24_00_18_53_255.jpg, /Users/hairizuannoorazman/Downloads/IMG/right_2017_01_24_00_18_53_255.jpg, 0, 0, 0, 5.739408
/Users/hairizuannoorazman/Downloads/IMG/center_2017_01_24_00_18_53_375.jpg, /Users/hairizuannoorazman/Downloads/IMG/left_2017_01_24_00_18_53_375.jpg, /Users/hairizuannoorazman/Downloads/IMG/right_2017_01_24_00_18_53_375.jpg, 0, 0, 0, 5.67036
/Users/hairizuannoorazman/Downloads/IMG/center_2017_01_24_00_18_53_484.jpg, /Users/hairizuannoorazman/Downloads/IMG/left_2017_01_24_00_18_53_484.jpg, /Users/hairizuannoorazman/Downloads/IMG/right_2017_01_24_00_18_53_484.jpg, 0, 0, 0, 5.602143
/Users/hairizuannoorazman/Downloads/IMG/center_2017_01_24_00_18_53_592.jpg, /Users/hairizuannoorazman/Downloads/IMG/left_2017_01_24_00_18_53_592.jpg, /Users/hairizuannoorazman/Downloads/IMG/right_2017_01_24_00_18_53_592.jpg, 0, 0, 0, 5.545923
/Users/hairizuannoorazman/Downloads/IMG/center_2017_01_24_00_18_53_710.jpg, /Users/hairizuannoorazman/Downloads/IMG/left_2017_01_24_00_18_53_710.jpg, /Users/hairizuannoorazman/Downloads/IMG/right_2017_01_24_00_18_53_710.jpg, 0, 0, 0, 5.479203
/Users/hairizuannoorazman/Downloads/IMG/center_2017_01_24_00_18_53_834.jpg, /Users/hairizuannoorazman/Downloads/IMG/left_2017_01_24_00_18_53_834.jpg, /Users/hairizuannoorazman/Downloads/IMG/right_2017_01_24_00_18_53_834.jpg, 0, 0, 0, 5.413289
/Users/hairizuannoorazman/Downloads/IMG/center_2017_01_24_00_18_53_944.jpg, /Users/hairizuannoorazman/Downloads/IMG/left_2017_01_24_00_18_53_944.jpg, /Users/hairizuannoorazman/Downloads/IMG/right_2017_01_24_00_18_53_944.jpg, 0, 0, 0, 5.348166
/Users/hairizuannoorazman/Downloads/IMG/center_2017_01_24_00_18_54_052.jpg, /Users/hairizuannoorazman/Downloads/IMG/left_2017_01_24_00_18_54_052.jpg, /Users/hairizuannoorazman/Downloads/IMG/right_2017_01_24_00_18_54_052.jpg, 0, 0, 0, 5.294496
/Users/hairizuannoorazman/Downloads/IMG/center_2017_01_24_00_23_34_577.jpg, /Users/hairizuannoorazman/Downloads/IMG/left_2017_01_24_00_23_34_577.jpg, /Users/hairizuannoorazman/Downloads/IMG/right_2017_01_24_00_23_34_577.jpg, 0, 0, 0, 7.868042E-05
/Users/hairizuannoorazman/Downloads/IMG/center_2017_01_24_00_23_34_713.jpg, /Users/hairizuannoorazman/Downloads/IMG/left_2017_01_24_00_23_34_713.jpg, /Users/hairizuannoorazman/Downloads/IMG/right_2017_01_24_00_23_34_713.jpg, 0, 0, 0, 8.087287E-05
/Users/hairizuannoorazman/Downloads/IMG/center_2017_01_24_00_23_34_819.jpg, /Users/hairizuannoorazman/Downloads/IMG/left_2017_01_24_00_23_34_819.jpg, /Users/hairizuannoorazman/Downloads/IMG/right_2017_01_24_00_23_34_819.jpg, 0, 0, 0, 7.98011E-05
/Users/hairizuannoorazman/Downloads/IMG/center_2017_01_24_00_23_34_949.jpg, /Users/hairizuannoorazman/Downloads/IMG/left_2017_01_24_00_23_34_949.jpg, /Users/hairizuannoorazman/Downloads/IMG/right_2017_01_24_00_23_34_949.jpg, 0, 0, 0, 8.040241E-05
/Users/hairizuannoorazman/Downloads/IMG/center_2017_01_24_00_23_35_057.jpg, /Users/hairizuannoorazman/Downloads/IMG/left_2017_01_24_00_23_35_057.jpg, /Users/hairizuannoorazman/Downloads/IMG/right_2017_01_24_00_23_35_057.jpg, 0, 0, 0, 7.862052E-05
/Users/hairizuannoorazman/Downloads/IMG/center_2017_01_24_00_23_35_189.jpg, /Users/hairizuannoorazman/Downloads/IMG/left_2017_01_24_00_23_35_189.jpg, /Users/hairizuannoorazman/Downloads/IMG/right_2017_01_24_00_23_35_189.jpg, 0, 0, 0, 7.827445E-05
/Users/hairizuannoorazman/Downloads/IMG/center_2017_01_24_00_23_35_295.jpg, /Users/hairizuannoorazman/Downloads/IMG/left_2017_01_24_00_23_35_295.jpg, /Users/hairizuannoorazman/Downloads/IMG/right_2017_01_24_00_23_35_295.jpg, 0, 0, 0, 7.997701E-05
/Users/hairizuannoorazman/Downloads/IMG/center_2017_01_24_00_23_35_425.jpg, /Users/hairizuannoorazman/Downloads/IMG/left_2017_01_24_00_23_35_425.jpg, /Users/hairizuannoorazman/Downloads/IMG/right_2017_01_24_00_23_35_425.jpg, 0, 0, 0, 7.808338E-05
/Users/hairizuannoorazman/Downloads/IMG/center_2017_01_24_00_23_35_531.jpg, /Users/hairizuannoorazman/Downloads/IMG/left_2017_01_24_00_23_35_531.jpg, /Users/hairizuannoorazman/Downloads/IMG/right_2017_01_24_00_23_35_531.jpg, 0, 0, 0, 8.277999E-05
/Users/hairizuannoorazman/Downloads/IMG/center_2017_01_24_00_23_35_663.jpg, /Users/hairizuannoorazman/Downloads/IMG/left_2017_01_24_00_23_35_663.jpg, /Users/hairizuannoorazman/Downloads/IMG/right_2017_01_24_00_23_35_663.jpg, 0, 0, 0, 7.813385E-05
/Users/hairizuannoorazman/Downloads/IMG/center_2017_01_24_00_23_35_768.jpg, /Users/hairizuannoorazman/Downloads/IMG/left_2017_01_24_00_23_35_768.jpg, /Users/hairizuannoorazman/Downloads/IMG/right_2017_01_24_00_23_35_768.jpg, 0, 0, 0, 8.080869E-05
/Users/hairizuannoorazman/Downloads/IMG/center_2017_01_24_00_23_35_900.jpg, /Users/hairizuannoorazman/Downloads/IMG/left_2017_01_24_00_23_35_900.jpg, /Users/hairizuannoorazman/Downloads/IMG/right_2017_01_24_00_23_35_900.jpg, 0, 0, 0, 7.77405E-05
/Users/hairizuannoorazman/Downloads/IMG/center_2017_01_24_00_23_36_042.jpg, /Users/hairizuannoorazman/Downloads/IMG/left_2017_01_24_00_23_36_042.jpg, /Users/hairizuannoorazman/Downloads/IMG/right_2017_01_24_00_23_36_042.jpg, 0, 0, 0, 7.796617E-05
/Users/hairizuannoorazman/Downloads/IMG/center_2017_01_24_00_23_36_181.jpg, /Users/hairizuannoorazman/Downloads/IMG/left_2017_01_24_00_23_36_181.jpg, /Users/hairizuannoorazman/Downloads/IMG/right_2017_01_24_00_23_36_181.jpg, 0, 0, 0, 8.399288E-05
/Users/hairizuannoorazman/Downloads/IMG/center_2017_01_24_00_23_36_291.jpg, /Users/hairizuannoorazman/Downloads/IMG/left_2017_01_24_00_23_36_291.jpg, /Users/hairizuannoorazman/Downloads/IMG/right_2017_01_24_00_23_36_291.jpg, 0, 0, 0, 8.440178E-05
/Users/hairizuannoorazman/Downloads/IMG/center_2017_01_24_00_23_36_409.jpg, /Users/hairizuannoorazman/Downloads/IMG/left_2017_01_24_00_23_36_409.jpg, /Users/hairizuannoorazman/Downloads/IMG/right_2017_01_24_00_23_36_409.jpg, 0, 0, 0, 7.834947E-05
/Users/hairizuannoorazman/Downloads/IMG/center_2017_01_24_00_23_36_523.jpg, /Users/hairizuannoorazman/Downloads/IMG/left_2017_01_24_00_23_36_523.jpg, /Users/hairizuannoorazman/Downloads/IMG/right_2017_01_24_00_23_36_523.jpg, 0, 0, 0, 8.018382E-05
/Users/hairizuannoorazman/Downloads/IMG/center_2017_01_24_00_23_36_640.jpg, /Users/hairizuannoorazman/Downloads/IMG/left_2017_01_24_00_23_36_640.jpg, /Users/hairizuannoorazman/Downloads/IMG/right_2017_01_24_00_23_36_640.jpg, 0, 0, 0, 7.78195E-05
/Users/hairizuannoorazman/Downloads/IMG/center_2017_01_24_00_23_36_746.jpg, /Users/hairizuannoorazman/Downloads/IMG/left_2017_01_24_00_23_36_746.jpg, /Users/hairizuannoorazman/Downloads/IMG/right_2017_01_24_00_23_36_746.jpg, 0, 0, 0, 7.946895E-05
/Users/hairizuannoorazman/Downloads/IMG/center_2017_01_24_00_23_36_865.jpg, /Users/hairizuannoorazman/Downloads/IMG/left_2017_01_24_00_23_36_865.jpg, /Users/hairizuannoorazman/Downloads/IMG/right_2017_01_24_00_23_36_865.jpg, 0, 0, 0, 8.080076E-05
/Users/hairizuannoorazman/Downloads/IMG/center_2017_01_24_00_23_36_992.jpg, /Users/hairizuannoorazman/Downloads/IMG/left_2017_01_24_00_23_36_992.jpg, /Users/hairizuannoorazman/Downloads/IMG/right_2017_01_24_00_23_36_992.jpg, 0, 0, 0, 8.018355E-05
/Users/hairizuannoorazman/Downloads/IMG/center_2017_01_24_00_23_37_100.jpg, /Users/hairizuannoorazman/Downloads/IMG/left_2017_01_24_00_23_37_100.jpg, /Users/hairizuannoorazman/Downloads/IMG/right_2017_01_24_00_23_37_100.jpg, 0, 0, 0, 7.769963E-05
/Users/hairizuannoorazman/Downloads/IMG/center_2017_01_24_00_23_37_226.jpg, /Users/hairizuannoorazman/Downloads/IMG/left_2017_01_24_00_23_37_226.jpg, /Users/hairizuannoorazman/Downloads/IMG/right_2017_01_24_00_23_37_226.jpg, 0, 0, 0, 7.879842E-05
/Users/hairizuannoorazman/Downloads/IMG/center_2017_01_24_00_23_37_336.jpg, /Users/hairizuannoorazman/Downloads/IMG/left_2017_01_24_00_23_37_336.jpg, /Users/hairizuannoorazman/Downloads/IMG/right_2017_01_24_00_23_37_336.jpg, 0, 0, 0, 7.814106E-05
/Users/hairizuannoorazman/Downloads/IMG/center_2017_01_24_00_23_37_459.jpg, /Users/hairizuannoorazman/Downloads/IMG/left_2017_01_24_00_23_37_459.jpg, /Users/hairizuannoorazman/Downloads/IMG/right_2017_01_24_00_23_37_459.jpg, 0, 0, 0, 7.823412E-05
/Users/hairizuannoorazman/Downloads/IMG/center_2017_01_24_00_23_37_570.jpg, /Users/hairizuannoorazman/Downloads/IMG/left_2017_01_24_00_23_37_570.jpg, /Users/hairizuannoorazman/Downloads/IMG/right_2017_01_24_00_23_37_570.jpg, 0, 0, 0, 7.821032E-05
/Users/hairizuannoorazman/Downloads/IMG/center_2017_01_24_00_23_37_706.jpg, /Users/hairizuannoorazman/Downloads/IMG/left_2017_01_24_00_23_37_706.jpg, /Users/hairizuannoorazman/Downloads/IMG/right_2017_01_24_00_23_37_706.jpg, 0, 0, 0, 7.823647E-05
/Users/hairizuannoorazman/Downloads/IMG/center_2017_01_24_00_23_37_834.jpg, /Users/hairizuannoorazman/Downloads/IMG/left_2017_01_24_00_23_37_834.jpg, /Users/hairizuannoorazman/Downloads/IMG/right_2017_01_24_00_23_37_834.jpg, 0, 0, 0, 7.952485E-05
/Users/hairizuannoorazman/Downloads/IMG/center_2017_01_24_00_23_37_959.jpg, /Users/hairizuannoorazman/Downloads/IMG/left_2017_01_24_00_23_37_959.jpg, /Users/hairizuannoorazman/Downloads/IMG/right_2017_01_24_00_23_37_959.jpg, 0, 0, 0, 8.107843E-05
/Users/hairizuannoorazman/Downloads/IMG/center_2017_01_24_00_23_38_079.jpg, /Users/hairizuannoorazman/Downloads/IMG/left_2017_01_24_00_23_38_079.jpg, /Users/hairizuannoorazman/Downloads/IMG/right_2017_01_24_00_23_38_079.jpg, 0, 0, 0, 7.874684E-05
/Users/hairizuannoorazman/Downloads/IMG/center_2017_01_24_00_23_38_208.jpg, /Users/hairizuannoorazman/Downloads/IMG/left_2017_01_24_00_23_38_208.jpg, /Users/hairizuannoorazman/Downloads/IMG/right_2017_01_24_00_23_38_208.jpg, 0, 0, 0, 7.832368E-05
/Users/hairizuannoorazman/Downloads/IMG/center_2017_01_24_00_23_38_340.jpg, /Users/hairizuannoorazman/Downloads/IMG/left_2017_01_24_00_23_38_340.jpg, /Users/hairizuannoorazman/Downloads/IMG/right_2017_01_24_00_23_38_340.jpg, 0, 0, 0, 7.822259E-05
/Users/hairizuannoorazman/Downloads/IMG/center_2017_01_24_00_23_38_469.jpg, /Users/hairizuannoorazman/Downloads/IMG/left_2017_01_24_00_23_38_469.jpg, /Users/hairizuannoorazman/Downloads/IMG/right_2017_01_24_00_23_38_469.jpg, 0, 0, 0, 7.828631E-05
/Users/hairizuannoorazman/Downloads/IMG/center_2017_01_24_00_23_38_576.jpg, /Users/hairizuannoorazman/Downloads/IMG/left_2017_01_24_00_23_38_576.jpg, /Users/hairizuannoorazman/Downloads/IMG/right_2017_01_24_00_23_38_576.jpg, 0, 0, 0, 7.89951E-05
/Users/hairizuannoorazman/Downloads/IMG/center_2017_01_24_00_23_38_702.jpg, /Users/hairizuannoorazman/Downloads/IMG/left_2017_01_24_00_23_38_702.jpg, /Users/hairizuannoorazman/Downloads/IMG/right_2017_01_24_00_23_38_702.jpg, 0, 0, 0, 7.855931E-05
/Users/hairizuannoorazman/Downloads/IMG/center_2017_01_24_00_23_38_804.jpg, /Users/hairizuannoorazman/Downloads/IMG/left_2017_01_24_00_23_38_804.jpg, /Users/hairizuannoorazman/Downloads/IMG/right_2017_01_24_00_23_38_804.jpg, 0, 0, 0, 7.816792E-05
/Users/hairizuannoorazman/Downloads/IMG/center_2017_01_24_00_23_38_908.jpg, /Users/hairizuannoorazman/Downloads/IMG/left_2017_01_24_00_23_38_908.jpg, /Users/hairizuannoorazman/Downloads/IMG/right_2017_01_24_00_23_38_908.jpg, 0, 0, 0, 7.875804E-05
/Users/hairizuannoorazman/Downloads/IMG/center_2017_01_24_00_23_39_022.jpg, /Users/hairizuannoorazman/Downloads/IMG/left_2017_01_24_00_23_39_022.jpg, /Users/hairizuannoorazman/Downloads/IMG/right_2017_01_24_00_23_39_022.jpg, 0, 0, 0, 7.968539E-05
/Users/hairizuannoorazman/Downloads/IMG/center_2017_01_24_00_23_39_148.jpg, /Users/hairizuannoorazman/Downloads/IMG/left_2017_01_24_00_23_39_148.jpg, /Users/hairizuannoorazman/Downloads/IMG/right_2017_01_24_00_23_39_148.jpg, 0, 0, 0, 7.867884E-05
/Users/hairizuannoorazman/Downloads/IMG/center_2017_01_24_00_23_39_251.jpg, /Users/hairizuannoorazman/Downloads/IMG/left_2017_01_24_00_23_39_251.jpg, /Users/hairizuannoorazman/Downloads/IMG/right_2017_01_24_00_23_39_251.jpg, 0, 0, 0, 7.827715E-05
/Users/hairizuannoorazman/Downloads/IMG/center_2017_01_24_00_23_39_369.jpg, /Users/hairizuannoorazman/Downloads/IMG/left_2017_01_24_00_23_39_369.jpg, /Users/hairizuannoorazman/Downloads/IMG/right_2017_01_24_00_23_39_369.jpg, 0, 0, 0, 7.986173E-05
/Users/hairizuannoorazman/Downloads/IMG/center_2017_01_24_00_23_39_471.jpg, /Users/hairizuannoorazman/Downloads/IMG/left_2017_01_24_00_23_39_471.jpg, /Users/hairizuannoorazman/Downloads/IMG/right_2017_01_24_00_23_39_471.jpg, 0, 0, 0, 7.77615E-05
/Users/hairizuannoorazman/Downloads/IMG/center_2017_01_24_00_23_39_576.jpg, /Users/hairizuannoorazman/Downloads/IMG/left_2017_01_24_00_23_39_576.jpg, /Users/hairizuannoorazman/Downloads/IMG/right_2017_01_24_00_23_39_576.jpg, 0, 0, 0, 7.782848E-05
/Users/hairizuannoorazman/Downloads/IMG/center_2017_01_24_00_23_39_704.jpg, /Users/hairizuannoorazman/Downloads/IMG/left_2017_01_24_00_23_39_704.jpg, /Users/hairizuannoorazman/Downloads/IMG/right_2017_01_24_00_23_39_704.jpg, 0, 0, 0, 7.833761E-05
/Users/hairizuannoorazman/Downloads/IMG/center_2017_01_24_00_23_39_814.jpg, /Users/hairizuannoorazman/Downloads/IMG/left_2017_01_24_00_23_39_814.jpg, /Users/hairizuannoorazman/Downloads/IMG/right_2017_01_24_00_23_39_814.jpg, 0, 0, 0, 8.214956E-05
/Users/hairizuannoorazman/Downloads/IMG/center_2017_01_24_00_23_39_943.jpg, /Users/hairizuannoorazman/Downloads/IMG/left_2017_01_24_00_23_39_943.jpg, /Users/hairizuannoorazman/Downloads/IMG/right_2017_01_24_00_23_39_943.jpg, 0, 0, 0, 8.273987E-05
/Users/hairizuannoorazman/Downloads/IMG/center_2017_01_24_00_23_40_060.jpg, /Users/hairizuannoorazman/Downloads/IMG/left_2017_01_24_00_23_40_060.jpg, /Users/hairizuannoorazman/Downloads/IMG/right_2017_01_24_00_23_40_060.jpg, 0, 0, 0, 7.839162E-05
/Users/hairizuannoorazman/Downloads/IMG/center_2017_01_24_00_23_40_180.jpg, /Users/hairizuannoorazman/Downloads/IMG/left_2017_01_24_00_23_40_180.jpg, /Users/hairizuannoorazman/Downloads/IMG/right_2017_01_24_00_23_40_180.jpg, 0, 0, 0, 8.043972E-05
/Users/hairizuannoorazman/Downloads/IMG/center_2017_01_24_00_23_40_281.jpg, /Users/hairizuannoorazman/Downloads/IMG/left_2017_01_24_00_23_40_281.jpg, /Users/hairizuannoorazman/Downloads/IMG/right_2017_01_24_00_23_40_281.jpg, 0, 0, 0, 7.842029E-05
/Users/hairizuannoorazman/Downloads/IMG/center_2017_01_24_00_23_40_390.jpg, /Users/hairizuannoorazman/Downloads/IMG/left_2017_01_24_00_23_40_390.jpg, /Users/hairizuannoorazman/Downloads/IMG/right_2017_01_24_00_23_40_390.jpg, 0, 0, 0, 7.796083E-05
/Users/hairizuannoorazman/Downloads/IMG/center_2017_01_24_00_23_40_509.jpg, /Users/hairizuannoorazman/Downloads/IMG/left_2017_01_24_00_23_40_509.jpg, /Users/hairizuannoorazman/Downloads/IMG/right_2017_01_24_00_23_40_509.jpg, 0, 0, 0, 8.18957E-05
/Users/hairizuannoorazman/Downloads/IMG/center_2017_01_24_00_23_40_619.jpg, /Users/hairizuannoorazman/Downloads/IMG/left_2017_01_24_00_23_40_619.jpg, /Users/hairizuannoorazman/Downloads/IMG/right_2017_01_24_00_23_40_619.jpg, 0, 0, 0, 7.770884E-05
/Users/hairizuannoorazman/Downloads/IMG/center_2017_01_24_00_23_40_741.jpg, /Users/hairizuannoorazman/Downloads/IMG/left_2017_01_24_00_23_40_741.jpg, /Users/hairizuannoorazman/Downloads/IMG/right_2017_01_24_00_23_40_741.jpg, 0, 0, 0, 7.846495E-05
/Users/hairizuannoorazman/Downloads/IMG/center_2017_01_24_00_23_40_858.jpg, /Users/hairizuannoorazman/Downloads/IMG/left_2017_01_24_00_23_40_858.jpg, /Users/hairizuannoorazman/Downloads/IMG/right_2017_01_24_00_23_40_858.jpg, 0, 0, 0, 7.83176E-05
/Users/hairizuannoorazman/Downloads/IMG/center_2017_01_24_00_23_40_974.jpg, /Users/hairizuannoorazman/Downloads/IMG/left_2017_01_24_00_23_40_974.jpg, /Users/hairizuannoorazman/Downloads/IMG/right_2017_01_24_00_23_40_974.jpg, 0, 0, 0, 7.796293E-05
/Users/hairizuannoorazman/Downloads/IMG/center_2017_01_24_00_23_41_075.jpg, /Users/hairizuannoorazman/Downloads/IMG/left_2017_01_24_00_23_41_075.jpg, /Users/hairizuannoorazman/Downloads/IMG/right_2017_01_24_00_23_41_075.jpg, 0, 0, 0, 7.79976E-05
/Users/hairizuannoorazman/Downloads/IMG/center_2017_01_24_00_23_41_185.jpg, /Users/hairizuannoorazman/Downloads/IMG/left_2017_01_24_00_23_41_185.jpg, /Users/hairizuannoorazman/Downloads/IMG/right_2017_01_24_00_23_41_185.jpg, 0, 0, 0, 7.809659E-05
/Users/hairizuannoorazman/Downloads/IMG/center_2017_01_24_00_23_41_300.jpg, /Users/hairizuannoorazman/Downloads/IMG/left_2017_01_24_00_23_41_300.jpg, /Users/hairizuannoorazman/Downloads/IMG/right_2017_01_24_00_23_41_300.jpg, 0, 0, 0, 7.955441E-05
/Users/hairizuannoorazman/Downloads/IMG/center_2017_01_24_00_23_41_409.jpg, /Users/hairizuannoorazman/Downloads/IMG/left_2017_01_24_00_23_41_409.jpg, /Users/hairizuannoorazman/Downloads/IMG/right_2017_01_24_00_23_41_409.jpg, 0, 0, 0, 7.838998E-05
